{
  "batch-inter-test-01_v1": [
    {
      "icis/ap_sample_1": "temp_1"
    }
  ],
  "batch-inter-test-03_v2": [
    {
      "icis/icis-samp-db-to-kafka": "20230117103441"
    }
  ],
  "batch-inter-test-02_v1": [
    {
      "icis/ap_sample_2": "temp_4"
    }
  ],
  "batch-inter-test-03_v1": [
    {
      "icis/icis-samp-db-to-kafka": "20230113165352"
    }
  ],
  "workflow_test_d2f_v1": [
    {
      "icis/icis-samp-batch-db-to-db-daemon": "temp_1"
    }
  ],
  "workflow_test_d2k_v1": [
    {
      "icis/icis-samp-batch-db-to-db-daemon": "20230126_26"
    }
  ],
  "batch_test_f2f": [
    {
      "icis/icis-samp-batch-db-to-kafka": "20230206_9"
    }
  ],
  "batch_test_d2f": [
    {
      "icis/icis-samp-batch-db-to-file": "20230209_5"
    }
  ],
  "workflow_test_d2f_v3": [
    {
      "icis/icis-samp-batch-db-to-db-daemon": "20230127_5_cur"
    }
  ],
  "workflow_bill_d2f_v1": [
    {
      "icis/tbill-admin-new": "20230130195428"
    }
  ],
  "workflow_test_d2f_v2": [
    {
      "icis/icis-samp-batch-db-to-db-daemon": "20230127_6_repo"
    }
  ],
  "batch-inter-test-04_v1": [
    {
      "icis/ap_sample_4": "20221226113206"
    }
  ],
  "bfac_test_v1": [
    {
      "icis/dbtokafka_test": "temp_39"
    }
  ],
  "batch-sf-sample_v1": [
    {
      "icis/batch-sf-sample": "20230203040458"
    }
  ]
  ,"rater_test_v1": [
    {
      "icis/icis-rater-inmarcard": "20230315171909"
    }
  ]
}
